{
  "hash": "ceeb84cf",
  "configHash": "de81ecc3",
  "lockfileHash": "d7279c1f",
  "browserHash": "6d2cdf16",
  "optimized": {
    "@angular/common": {
      "src": "../../../../../node_modules/@angular/common/fesm2022/common.mjs",
      "file": "@angular_common.js",
      "fileHash": "3da73f0e",
      "needsInterop": false
    },
    "@angular/common/http": {
      "src": "../../../../../node_modules/@angular/common/fesm2022/http.mjs",
      "file": "@angular_common_http.js",
      "fileHash": "e1ef9d8f",
      "needsInterop": false
    },
    "@angular/core": {
      "src": "../../../../../node_modules/@angular/core/fesm2022/core.mjs",
      "file": "@angular_core.js",
      "fileHash": "e08b750e",
      "needsInterop": false
    },
    "@angular/forms": {
      "src": "../../../../../node_modules/@angular/forms/fesm2022/forms.mjs",
      "file": "@angular_forms.js",
      "fileHash": "3128e8b3",
      "needsInterop": false
    },
    "@angular/material/core": {
      "src": "../../../../../node_modules/@angular/material/fesm2022/core.mjs",
      "file": "@angular_material_core.js",
      "fileHash": "74d788dc",
      "needsInterop": false
    },
    "@angular/material/datepicker": {
      "src": "../../../../../node_modules/@angular/material/fesm2022/datepicker.mjs",
      "file": "@angular_material_datepicker.js",
      "fileHash": "beaacff1",
      "needsInterop": false
    },
    "@angular/material/form-field": {
      "src": "../../../../../node_modules/@angular/material/fesm2022/form-field.mjs",
      "file": "@angular_material_form-field.js",
      "fileHash": "e86f8fda",
      "needsInterop": false
    },
    "@angular/material/input": {
      "src": "../../../../../node_modules/@angular/material/fesm2022/input.mjs",
      "file": "@angular_material_input.js",
      "fileHash": "84b26e2d",
      "needsInterop": false
    },
    "@angular/material/select": {
      "src": "../../../../../node_modules/@angular/material/fesm2022/select.mjs",
      "file": "@angular_material_select.js",
      "fileHash": "87228a8d",
      "needsInterop": false
    },
    "@angular/platform-browser": {
      "src": "../../../../../node_modules/@angular/platform-browser/fesm2022/platform-browser.mjs",
      "file": "@angular_platform-browser.js",
      "fileHash": "edc56ab7",
      "needsInterop": false
    },
    "@angular/platform-browser/animations": {
      "src": "../../../../../node_modules/@angular/platform-browser/fesm2022/animations.mjs",
      "file": "@angular_platform-browser_animations.js",
      "fileHash": "3d34f481",
      "needsInterop": false
    },
    "@angular/router": {
      "src": "../../../../../node_modules/@angular/router/fesm2022/router.mjs",
      "file": "@angular_router.js",
      "fileHash": "6ce2fa08",
      "needsInterop": false
    },
    "rxjs": {
      "src": "../../../../../node_modules/rxjs/dist/esm5/index.js",
      "file": "rxjs.js",
      "fileHash": "331225b8",
      "needsInterop": false
    }
  },
  "chunks": {
    "chunk-7R2LBTMJ": {
      "file": "chunk-7R2LBTMJ.js"
    },
    "chunk-XOQL7SYZ": {
      "file": "chunk-XOQL7SYZ.js"
    },
    "chunk-TRPJ5AKE": {
      "file": "chunk-TRPJ5AKE.js"
    },
    "chunk-UVAOWIJH": {
      "file": "chunk-UVAOWIJH.js"
    },
    "chunk-6SBNH2ZV": {
      "file": "chunk-6SBNH2ZV.js"
    },
    "chunk-T3D7SHP3": {
      "file": "chunk-T3D7SHP3.js"
    },
    "chunk-223TAKOT": {
      "file": "chunk-223TAKOT.js"
    },
    "chunk-2BI67YJH": {
      "file": "chunk-2BI67YJH.js"
    },
    "chunk-S5RE5MQJ": {
      "file": "chunk-S5RE5MQJ.js"
    },
    "chunk-ADD4EJ76": {
      "file": "chunk-ADD4EJ76.js"
    },
    "chunk-SXIXOCJ4": {
      "file": "chunk-SXIXOCJ4.js"
    }
  }
}